energy(keV),eff area(cm^2)
1.00000,0.000000000000000
1.01000,0.000000000000000
1.02000,0.000000000000000
1.03000,0.000000000000000
1.04000,0.000000000000000
1.05000,0.000000000000000
1.06000,0.000000000000000
1.07000,0.000000000000000
1.08000,0.000000000000000
1.09000,0.000000000000000
1.10000,0.000000000000000
1.11000,0.000000000000000
1.12000,0.000000000000000
1.13000,0.000000000000000
1.14000,0.000000000000000
1.15000,0.000000000000000
1.16000,5.266225161891873e-49
1.17000,5.975083731261408e-48
1.18000,6.655269422892142e-47
1.19000,6.822809616647107e-46
1.20000,6.480328664612157e-45
1.21000,5.794509329142563e-44
1.22000,4.902145740675076e-43
1.23000,3.879698065444495e-42
1.24000,2.850787832403062e-41
1.25000,1.956903735315408e-40
1.26000,1.274509080574955e-39
1.27000,7.848693674889075e-39
1.28000,4.531248469251548e-38
1.29000,2.470644951206777e-37
1.30000,1.294144407486261e-36
1.31000,6.577359096992747e-36
1.32000,3.180816334362955e-35
1.33000,1.466155213536759e-34
1.34000,6.492433148315158e-34
1.35000,2.782021633272580e-33
1.36000,1.140009174718683e-32
1.37000,4.481584937193244e-32
1.38000,1.693092509149904e-31
1.39000,6.238110674184883e-31
1.40000,2.212988993876726e-30
1.41000,7.676788692802189e-30
1.42000,2.569795006645262e-29
1.43000,8.365491655820335e-29
1.44000,2.647797678053807e-28
1.45000,8.135917762749495e-28
1.46000,2.430697063508073e-27
1.47000,7.069655349430042e-27
1.48000,2.030001104113349e-26
1.49000,5.696560964604882e-26
1.50000,1.596310032636965e-25
1.51000,4.473212186793319e-25
1.52000,1.221332743339875e-24
1.53000,3.285631321541793e-24
1.54000,8.599155444114283e-24
1.55000,2.191068881640822e-23
1.56000,3.081749542503460e-31
1.57000,0.000000000000000
1.58000,0.000000000000000
1.59000,0.000000000000000
1.60000,0.000000000000000
1.61000,0.000000000000000
1.62000,0.000000000000000
1.63000,0.000000000000000
1.64000,0.000000000000000
1.65000,0.000000000000000
1.66000,0.000000000000000
1.67000,0.000000000000000
1.68000,0.000000000000000
1.69000,0.000000000000000
1.70000,0.000000000000000
1.71000,0.000000000000000
1.72000,0.000000000000000
1.73000,0.000000000000000
1.74000,0.000000000000000
1.75000,0.000000000000000
1.76000,0.000000000000000
1.77000,0.000000000000000
1.78000,0.000000000000000
1.79000,0.000000000000000
1.80000,0.000000000000000
1.81000,0.000000000000000
1.82000,0.000000000000000
1.83000,0.000000000000000
1.84000,0.000000000000000
1.85000,0.000000000000000
1.86000,0.000000000000000
1.87000,0.000000000000000
1.88000,0.000000000000000
1.89000,0.000000000000000
1.90000,0.000000000000000
1.91000,0.000000000000000
1.92000,0.000000000000000
1.93000,0.000000000000000
1.94000,0.000000000000000
1.95000,0.000000000000000
1.96000,0.000000000000000
1.97000,0.000000000000000
1.98000,0.000000000000000
1.99000,0.000000000000000
2.00000,0.000000000000000
2.01000,0.000000000000000
2.02000,0.000000000000000
2.03000,0.000000000000000
2.04000,0.000000000000000
2.05000,0.000000000000000
2.06000,0.000000000000000
2.07000,0.000000000000000
2.08000,0.000000000000000
2.09000,0.000000000000000
2.10000,0.000000000000000
2.11000,0.000000000000000
2.12000,0.000000000000000
2.13000,0.000000000000000
2.14000,0.000000000000000
2.15000,0.000000000000000
2.16000,0.000000000000000
2.17000,0.000000000000000
2.18000,0.000000000000000
2.19000,0.000000000000000
2.20000,0.000000000000000
2.21000,0.000000000000000
2.22000,0.000000000000000
2.23000,0.000000000000000
2.24000,0.000000000000000
2.25000,0.000000000000000
2.26000,0.000000000000000
2.27000,0.000000000000000
2.28000,0.000000000000000
2.29000,0.000000000000000
2.30000,0.000000000000000
2.31000,0.000000000000000
2.32000,0.000000000000000
2.33000,0.000000000000000
2.34000,0.000000000000000
2.35000,0.000000000000000
2.36000,0.000000000000000
2.37000,0.000000000000000
2.38000,0.000000000000000
2.39000,0.000000000000000
2.40000,0.000000000000000
2.41000,0.000000000000000
2.42000,0.000000000000000
2.43000,0.000000000000000
2.44000,0.000000000000000
2.45000,0.000000000000000
2.46000,0.000000000000000
2.47000,0.000000000000000
2.48000,0.000000000000000
2.49000,0.000000000000000
2.50000,0.000000000000000
2.51000,0.000000000000000
2.52000,0.000000000000000
2.53000,0.000000000000000
2.54000,0.000000000000000
2.55000,0.000000000000000
2.56000,0.000000000000000
2.57000,0.000000000000000
2.58000,0.000000000000000
2.59000,0.000000000000000
2.60000,0.000000000000000
2.61000,0.000000000000000
2.62000,0.000000000000000
2.63000,0.000000000000000
2.64000,0.000000000000000
2.65000,0.000000000000000
2.66000,0.000000000000000
2.67000,0.000000000000000
2.68000,0.000000000000000
2.69000,0.000000000000000
2.70000,0.000000000000000
2.71000,0.000000000000000
2.72000,0.000000000000000
2.73000,0.000000000000000
2.74000,0.000000000000000
2.75000,1.652913724990015e-46
2.76000,1.694601601368190e-46
2.77000,6.959109271648600e-46
2.78000,1.785652153739390e-45
2.79000,4.946632171265667e-45
2.80000,1.358345923373559e-44
2.81000,3.655292997388377e-44
2.82000,9.693497611058095e-44
2.83000,2.533139303052550e-43
2.84000,6.561757641718089e-43
2.85000,1.672636610039551e-42
2.86000,4.228916675332473e-42
2.87000,1.051263753212479e-41
2.88000,2.596964891361762e-41
2.89000,6.310125354196928e-41
2.90000,1.526050604582680e-40
2.91000,3.648564472306817e-40
2.92000,8.659317303964833e-40
2.93000,2.023888316628376e-39
2.94000,4.707883761915139e-39
2.95000,1.078813342574527e-38
2.96000,2.456421209300884e-38
2.97000,5.512054170589970e-38
2.98000,1.229686922485541e-37
2.99000,2.704753974741540e-37
3.00000,5.922359771972615e-37
3.01000,1.283314850041501e-36
3.02000,2.740307807766844e-36
3.03000,5.769416192984969e-36
3.04000,1.219800983393854e-35
3.05000,2.547899077669305e-35
3.06000,5.291335075853267e-35
3.07000,1.085904982178363e-34
3.08000,2.216141407398237e-34
3.09000,4.476607866764303e-34
3.10000,8.982208089521031e-34
3.11000,1.790458146281229e-33
3.12000,3.539662089440028e-33
3.13000,6.934502316266680e-33
3.14000,1.346501590105925e-32
3.15000,2.593466537751009e-32
3.16000,4.950051228067804e-32
3.17000,9.390990392207699e-32
3.18000,1.764284197092552e-31
3.19000,3.302682278037814e-31
3.20000,6.119009601520667e-31
3.21000,1.132846238351185e-30
3.22000,2.075559735251698e-30
3.23000,3.793438968365783e-30
3.24000,6.875986429791473e-30
3.25000,1.239001168347791e-29
3.26000,2.216593605146945e-29
3.27000,3.937853459835877e-29
3.28000,6.959180410891239e-29
3.29000,1.218569470251244e-28
3.30000,2.118328149892353e-28
3.31000,3.657076039234294e-28
3.32000,6.321404784483407e-28
3.33000,1.083896715699176e-27
3.34000,1.849838180615613e-27
3.35000,3.136373144446172e-27
3.36000,5.283726022694504e-27
3.37000,8.858632851926598e-27
3.38000,1.473450707251257e-26
3.39000,2.442746105748456e-26
3.40000,4.017107671093056e-26
3.41000,6.597720857309394e-26
3.42000,1.076243805495133e-25
3.43000,1.746391121589883e-25
3.44000,2.820570342377501e-25
3.45000,4.523647895911656e-25
3.46000,7.236470325499111e-25
3.47000,1.148994677926803e-24
3.48000,1.818532565698229e-24
3.49000,2.861022207407364e-24
3.50000,4.482554203064495e-24
3.51000,7.017681515477860e-24
3.52000,1.091456191060776e-23
3.53000,1.694467179308846e-23
3.54000,2.612539548367784e-23
3.55000,4.012850277273873e-23
3.56000,6.134472686682134e-23
3.57000,9.324463932131648e-23
3.58000,1.413569431385911e-22
3.59000,2.129247939385040e-22
3.60000,3.198969986074608e-22
3.61000,4.788655598303415e-22
3.62000,7.134387234158117e-22
3.63000,1.060305542359818e-21
3.64000,1.566592058679687e-21
3.65000,2.309659671591507e-21
3.66000,3.387807286624032e-21
3.67000,4.948583713686769e-21
3.68000,7.209186098860552e-21
3.69000,1.044333540504813e-20
3.70000,1.509882408234447e-20
3.71000,2.174808970720706e-20
3.72000,3.119999660596457e-20
3.73000,4.465283960004490e-20
3.74000,6.356738366311260e-20
3.75000,9.034608784652826e-20
3.76000,1.278665723576311e-19
3.77000,1.802127991161540e-19
3.78000,2.534872314332082e-19
3.79000,3.547784607347442e-19
3.80000,4.955199007231200e-19
3.81000,6.903317153225656e-19
3.82000,9.573495047402740e-19
3.83000,1.325881751953291e-18
3.84000,1.827640494820052e-18
3.85000,2.512587649638849e-18
3.86000,3.446205742851405e-18
3.87000,4.706201049507583e-18
3.88000,6.418021924593698e-18
3.89000,8.718658173406529e-18
3.90000,1.180082002229756e-17
3.91000,1.596035885505310e-17
3.92000,2.149388929149663e-17
3.93000,2.888111850470305e-17
3.94000,3.871209209675701e-17
3.95000,5.167642368657809e-17
3.96000,6.889390232912877e-17
3.97000,9.152116370536766e-17
3.98000,1.211721682128041e-16
3.99000,1.603082483000266e-16
4.00000,2.113165521968393e-16
4.01000,2.780186064120606e-16
4.02000,3.650157685787032e-16
4.03000,4.774423863835209e-16
4.04000,6.236482592177623e-16
4.05000,8.124130572338182e-16
4.06000,1.054490069713186e-15
4.07000,1.368080261343836e-15
4.08000,1.768910221294176e-15
4.09000,2.280451171309586e-15
4.10000,2.936648821136557e-15
4.11000,3.769915012817249e-15
4.12000,4.829338200730640e-15
4.13000,6.178778829070588e-15
4.14000,7.879425569556762e-15
4.15000,1.003191775441332e-14
4.16000,1.274595887424703e-14
4.17000,1.614275323293426e-14
4.18000,2.043202357427918e-14
4.19000,2.580105452789916e-14
4.20000,3.248077184716982e-14
4.21000,4.087373690529536e-14
4.22000,5.129238986306906e-14
4.23000,6.418022060426780e-14
4.24000,8.023605146708590e-14
4.25000,1.000170646825473e-13
4.26000,1.243726836600769e-13
4.27000,1.545495684462514e-13
4.28000,1.915079197938025e-13
4.29000,2.368140843086665e-13
4.30000,2.926533989023752e-13
4.31000,3.606936505870617e-13
4.32000,4.437569147836976e-13
4.33000,5.455230730000202e-13
4.34000,6.688556721651777e-13
4.35000,8.186880928707848e-13
4.36000,1.001031701846816e-12
4.37000,1.220876948319923e-12
4.38000,1.486686702755719e-12
4.39000,1.808333919626863e-12
4.40000,2.194330909510973e-12
4.41000,2.659094981758575e-12
4.42000,3.218744704482945e-12
4.43000,3.886819552225209e-12
4.44000,4.686983445318304e-12
4.45000,5.646256421132139e-12
4.46000,6.786113884491056e-12
4.47000,8.144651527317114e-12
4.48000,9.766475722449947e-12
4.49000,1.168498338772114e-11
4.50000,1.395968623751336e-11
4.51000,1.666264060622683e-11
4.52000,1.984558635438778e-11
4.53000,2.360019663538513e-11
4.54000,2.805176018871158e-11
4.55000,3.327845746340247e-11
4.56000,3.941066980667945e-11
4.57000,4.665251031960242e-11
4.58000,5.511240517147839e-11
4.59000,6.498433910344768e-11
4.60000,7.661366956992111e-11
4.61000,9.013247004281305e-11
4.62000,1.058308839936196e-10
4.63000,1.242473289631426e-10
4.64000,1.456059314992425e-10
4.65000,1.703136806633473e-10
4.66000,1.991422333060871e-10
4.67000,2.325145340988272e-10
4.68000,2.709798441407566e-10
4.69000,3.156032189270519e-10
4.70000,3.672313233872549e-10
4.71000,4.264659195451865e-10
4.72000,4.947533166575721e-10
4.73000,5.735800277173424e-10
4.74000,6.638136048894951e-10
4.75000,7.672108443093339e-10
4.76000,8.865365505401216e-10
4.77000,1.022685577064272e-09
4.78000,1.177795348192801e-09
4.79000,1.356360024695595e-09
4.80000,1.559579877448471e-09
4.81000,1.789984810956217e-09
4.82000,2.053471396166467e-09
4.83000,2.353243207990459e-09
4.84000,2.692573561612276e-09
4.85000,3.078330931579329e-09
4.86000,3.517279568339705e-09
4.87000,4.012734520568390e-09
4.88000,4.571855370987258e-09
4.89000,5.209171982710429e-09
4.90000,5.926525938834143e-09
4.91000,6.731421617117260e-09
4.92000,7.644011525078734e-09
4.93000,8.671171677302143e-09
4.94000,9.822416564467094e-09
4.95000,1.111766100860525e-08
4.96000,1.257703554617460e-08
4.97000,1.420835674940712e-08
4.98000,1.603021489204340e-08
4.99000,1.808679631103507e-08
5.00000,2.037999891514355e-08
5.01000,2.293097580136946e-08
5.02000,2.579019718752279e-08
5.03000,2.898256163277649e-08
5.04000,3.252849648097442e-08
5.05000,3.647330899668592e-08
5.06000,4.089325857537234e-08
5.07000,4.579116312432137e-08
5.08000,5.121271815648576e-08
5.09000,5.726343882749816e-08
5.10000,6.397111687804979e-08
5.11000,7.136151807542504e-08
5.12000,7.954439657083153e-08
5.13000,8.864797702745427e-08
5.14000,9.867755128226517e-08
5.15000,1.097155974040970e-07
5.16000,1.219914601929839e-07
5.17000,1.355344719753130e-07
5.18000,1.504155923958530e-07
5.19000,1.668015735168023e-07
5.20000,1.849180023085694e-07
5.21000,2.047286463657880e-07
5.22000,2.264149408134261e-07
5.23000,2.503196390598486e-07
5.24000,2.765201513453818e-07
5.25000,3.051440842736408e-07
5.26000,3.364536020097415e-07
5.27000,3.709529115319732e-07
5.28000,4.085687030242884e-07
5.29000,4.495452456429497e-07
5.30000,4.945648314696989e-07
5.31000,5.437434617597692e-07
5.32000,5.972179922254188e-07
5.33000,6.553147296050838e-07
5.34000,7.192642107513900e-07
5.35000,7.887267626502090e-07
5.36000,8.640711356459376e-07
5.37000,9.460630296087240e-07
5.38000,1.035587698480671e-06
5.39000,1.132522242590557e-06
5.40000,1.237395700498905e-06
5.41000,1.351404669107473e-06
5.42000,1.475084110137008e-06
5.43000,1.608631664471622e-06
5.44000,1.752724824464247e-06
5.45000,1.909924553780700e-06
5.46000,2.079427922745014e-06
5.47000,2.262015714862613e-06
5.48000,2.459370815160979e-06
5.49000,2.673981878141365e-06
5.50000,2.904864216334256e-06
5.51000,3.150865919140640e-06
5.52000,3.416853228647389e-06
5.53000,3.703844541425679e-06
5.54000,4.011675707130654e-06
5.55000,4.341581873114043e-06
5.56000,4.698325413683172e-06
5.57000,5.081377589029396e-06
5.58000,5.491366123211681e-06
5.59000,5.929808152156418e-06
5.60000,6.404164534570465e-06
5.61000,6.909763809520772e-06
5.62000,7.449596841271769e-06
5.63000,8.026911135665065e-06
5.64000,8.649200773489161e-06
5.65000,9.312853623822213e-06
5.66000,1.002005866128731e-05
5.67000,1.077644602334852e-05
5.68000,1.158861509886981e-05
5.69000,1.245335624647185e-05
5.70000,1.337383609868817e-05
5.71000,1.435518471407634e-05
5.72000,1.540495236554756e-05
5.73000,1.652009748930031e-05
5.74000,1.770385670029963e-05
5.75000,1.896886875072609e-05
5.76000,2.031797342410984e-05
5.77000,2.174856617173066e-05
5.78000,2.326444415553908e-05
5.79000,2.488296686744738e-05
5.80000,2.660431789667494e-05
5.81000,2.842092241154222e-05
5.82000,3.034213045220438e-05
5.83000,3.239363257982502e-05
5.84000,3.457141269821973e-05
5.85000,3.687261095832339e-05
5.86000,3.930263256234718e-05
5.87000,4.189280582861628e-05
5.88000,4.463865082757920e-05
5.89000,4.753632500852825e-05
5.90000,5.059196054825577e-05
5.91000,5.383106942124171e-05
5.92000,5.725552692882432e-05
5.93000,6.086200428904389e-05
5.94000,6.465844318915613e-05
5.95000,6.868693587792408e-05
5.96000,7.294112572592044e-05
5.97000,7.741470413241331e-05
5.98000,8.211675746658498e-05
5.99000,8.709677111194476e-05
6.00000,9.235249376701284e-05
6.01000,9.785429785284417e-05
6.02000,0.0001036279031337083
6.03000,0.0001097265074478688
6.04000,0.0001161592928951662
6.05000,0.0001229035071027272
6.06000,0.0001299713637023889
6.07000,0.0001374191011095445
6.08000,0.0001452788112482095
6.09000,0.0001535083263731506
6.10000,0.0001621217103625873
6.11000,0.0001711418644909094
6.12000,0.0001806657897592182
6.13000,0.0001906239603337588
6.14000,0.0002010312323019591
6.15000,0.0002119234461224753
6.16000,0.0002234322740307792
6.17000,0.0002354523784255059
6.18000,0.0002479989700115251
6.19000,0.0002610910911630171
6.20000,0.0002749070708384237
6.21000,0.0002892872720448551
6.22000,0.0003042767746544050
6.23000,0.0003198976421848049
6.24000,0.0003363186102328872
6.25000,0.0003534880825858443
6.26000,0.0003713658092710236
6.27000,0.0003899866862537406
6.28000,0.0004094811876321230
6.29000,0.0004299041319049900
6.30000,0.0004511463347995043
6.31000,0.0004731687993077216
6.32000,0.0004961038533599114
6.33000,0.0005201911464533227
6.34000,0.0005452147104736656
6.35000,0.0005712022406249434
6.36000,0.0005981793039240142
6.37000,0.0006264876720902766
6.38000,0.0006559183636430273
6.39000,0.0006864506049717190
6.40000,0.0007181148293366310
6.41000,0.0007510619130614980
6.42000,0.0007854221051391258
6.43000,0.0008210270751521674
6.44000,0.0008579120584710566
6.45000,0.0008961790745417241
6.46000,0.0009362519907221347
6.47000,0.0009777441027504755
6.48000,0.001020724615968525
6.49000,0.001065192381473837
6.50000,0.001111616190873738
6.51000,0.001159851506980421
6.52000,0.001209733511530581
6.53000,0.001261297773145108
6.54000,0.001314818224396647
6.55000,0.001370643802224106
6.56000,0.001428325452644336
6.57000,0.001487900504064665
6.58000,0.001549419532292463
6.59000,0.001613581520894215
6.60000,0.001679938942041437
6.61000,0.001748229128893005
6.62000,0.001818677443514843
6.63000,0.001891662017193812
6.64000,0.001967552820376589
6.65000,0.002045796763466033
6.66000,0.002126438174762751
6.67000,0.002209535462279457
6.68000,0.002296067650325906
6.69000,0.002385493809430415
6.70000,0.002477590162204800
6.71000,0.002572175994291175
6.72000,0.002669875925081927
6.73000,0.002771356133994381
6.74000,0.002875776028329372
6.75000,0.002983200242039246
6.76000,0.003093680787907969
6.77000,0.003208336226909466
6.78000,0.003326688897002354
6.79000,0.003448359883021745
6.80000,0.003573397233557534
6.81000,0.003701694203083358
6.82000,0.003835052965772701
6.83000,0.003972041632592638
6.84000,0.004112710936169218
6.85000,0.004257130399797307
6.86000,0.004406195570500863
6.87000,0.004560309727394690
6.88000,0.004718456134935886
6.89000,0.004880717033359962
6.90000,0.005047167654310431
6.91000,0.005219250143906617
6.92000,0.005396267848757219
6.93000,0.005577739601400339
6.94000,0.005763745875065926
6.95000,0.005954445277589618
6.96000,0.006152323337725925
6.97000,0.006355053708144007
6.98000,0.006562727989891533
6.99000,0.006775389157087291
7.00000,0.006993984275708567
7.01000,0.007219321999533767
7.02000,0.007449996021465426
7.03000,0.007686056367883211
7.04000,0.007927594120493606
7.05000,0.008176323238059564
7.06000,0.008432316936176534
7.07000,0.008694130704020718
7.08000,0.008961866413844409
7.09000,0.009235567169807642
7.10000,0.009518045786513666
7.11000,0.009807301913750911
7.12000,0.01010291340101308
7.13000,0.01040510614208005
7.14000,0.01071395017703487
7.15000,0.01103294055323079
7.16000,0.01135925671081767
7.17000,0.01169249890553573
7.18000,0.01203272797094152
7.19000,0.01238003172082376
7.20000,0.01273916679975898
7.21000,0.01310508776528325
7.22000,0.01347844440703332
7.23000,0.01385936357255810
7.24000,0.01424833121951187
7.25000,0.01464974091651773
7.26000,0.01505909970306772
7.27000,0.01547653964150231
7.28000,0.01590209326047838
7.29000,0.01633673183952308
7.30000,0.01678463877945055
7.31000,0.01724040962501319
7.32000,0.01770479452647798
7.33000,0.01817792179215946
7.34000,0.01866092249899870
7.35000,0.01915823116537976
7.36000,0.01966481556365225
7.37000,0.02018108551922024
7.38000,0.02070668276251843
7.39000,0.02124289977597319
7.40000,0.02179458818094620
7.41000,0.02235534230578206
7.42000,0.02292596104528040
7.43000,0.02350651480625712
7.44000,0.02409810580558911
7.45000,0.02470700733593769
7.46000,0.02532639595035317
7.47000,0.02595631409250575
7.48000,0.02659686909271336
7.49000,0.02724846508284307
7.50000,0.02791890291643583
7.51000,0.02859534382689479
7.52000,0.02928274179103476
7.53000,0.02998113923665007
7.54000,0.03069063837936432
7.55000,0.03142052501237383
7.56000,0.03216258126781359
7.57000,0.03291625329195937
7.58000,0.03368156925556326
7.59000,0.03445860593872837
7.60000,0.03525583252242496
7.61000,0.03606709730183115
7.62000,0.03689064969087757
7.63000,0.03772645651370607
7.64000,0.03857464147698865
7.65000,0.03944200002536551
7.66000,0.04032666530575375
7.67000,0.04122413566618504
7.68000,0.04213449159336384
7.69000,0.04305790479446513
7.70000,0.04399914270064257
7.71000,0.04496054908061532
7.72000,0.04593533470836816
7.73000,0.04692371881299037
7.74000,0.04792560183221467
7.75000,0.04894293918096303
7.76000,0.04998566810608426
7.77000,0.05104253435712527
7.78000,0.05211345900470914
7.79000,0.05319863075506621
7.80000,0.05429803528996412
7.81000,0.05542373046681691
7.82000,0.05656646531907378
7.83000,0.05772400157655614
7.84000,0.05889620147196808
7.85000,0.06008370578007353
7.86000,0.06129504536005176
7.87000,0.06252939990983464
7.88000,0.06377899645968456
7.89000,0.06504411597903516
7.90000,0.06632458470515815
7.91000,0.06762228875501798
7.92000,0.06895005825419014
7.93000,0.07029367012013195
7.94000,0.07165330973364437
7.95000,0.07302886548432140
7.96000,0.07442049586923222
7.97000,0.07584219107573406
7.98000,0.07728482054586827
7.99000,0.07874388783320517
8.00000,0.08021957358889825
8.01000,0.08171091247364656
8.02000,0.08322538172264747
8.03000,0.08477028609726903
8.04000,0.08633239842740197
8.05000,0.08791140425757084
8.06000,0.08950770269096621
8.07000,0.09112098859477520
8.08000,0.09277029010620040
8.09000,0.09444035961833765
8.10000,0.09612801887383413
8.11000,0.09783344205985944
8.12000,0.09955711764361976
8.13000,0.1013062443499316
8.14000,0.1030885123843373
8.15000,0.1048889025679169
8.16000,0.1067073372916508
8.17000,0.1085439512965942
8.18000,0.1103986099522915
8.19000,0.1122923822653601
8.20000,0.1142097556466628
8.21000,0.1161451889924635
8.22000,0.1180989541962382
8.23000,0.1200714958884284
8.24000,0.1220681886502312
8.25000,0.1241045042761961
8.26000,0.1261598087098426
8.27000,0.1282342378683297
8.28000,0.1303273739061390
8.29000,0.1324397580984874
8.30000,0.1345872923218328
8.31000,0.1367650445745265
8.32000,0.1389621667186647
8.33000,0.1411786953610899
8.34000,0.1434145643952261
8.35000,0.1456696753876627
8.36000,0.1479724185996634
8.37000,0.1502976150864006
8.38000,0.1526442823623752
8.39000,0.1550108889766964
8.40000,0.1573972340051601
8.41000,0.1598097855662194
8.42000,0.1622670018873993
8.43000,0.1647444068247249
8.44000,0.1672418831973010
8.45000,0.1697590711468864
8.46000,0.1722964782629554
8.47000,0.1748713173972241
8.48000,0.1774851100351736
8.49000,0.1801192188448835
8.50000,0.1827737716504922
8.51000,0.1853109442431080
8.52000,0.1878642721088403
8.53000,0.1904588944969413
8.54000,0.1930805404712656
8.55000,0.1957184136420326
8.56000,0.1983726713475219
8.57000,0.2010431510712392
8.58000,0.2037295933763198
8.59000,0.2064655345968011
8.60000,0.2092215932072151
8.61000,0.2119931273614726
8.62000,0.2147809754253476
8.63000,0.2175845401508406
8.64000,0.2204055384676130
8.65000,0.2232831090417416
8.66000,0.2261773901100754
8.67000,0.2290876419534799
8.68000,0.2320135864691870
8.69000,0.2349554270673291
8.70000,0.2379183567913229
8.71000,0.2409327398176607
8.72000,0.2439626399696575
8.73000,0.2470084963557398
8.74000,0.2500698247420070
8.75000,0.2531465952513138
8.76000,0.2562476427829748
8.77000,0.2593995592837348
8.78000,0.2625666929537289
8.79000,0.2657494018410265
8.80000,0.2689469378868445
8.81000,0.2721594623643342
8.82000,0.2753974747457203
8.83000,0.2786870894172249
8.84000,0.2819916278029725
8.85000,0.2853111641875560
8.86000,0.2886450667889907
8.87000,0.2919938369034190
8.88000,0.2953668657620118
8.89000,0.2987930928818274
8.90000,0.3022339651260059
8.91000,0.3056887949905666
8.92000,0.3091580176624047
8.93000,0.3126430591506656
8.94000,0.3161512147737595
8.95000,0.3197154633420950
8.96000,0.3232942055542667
8.97000,0.3268866409261725
8.98000,0.3304931310851998
8.99000,0.3341133659685208
9.00000,0.3377494047479733
9.01000,0.3414515515509661
9.02000,0.3451668388790769
9.03000,0.3488959035209179
9.04000,0.3526381441033472
9.05000,0.3563935536742729
9.06000,0.3601612880888260
9.07000,0.3639901493540791
9.08000,0.3678369988129662
9.09000,0.3716967345301240
9.10000,0.3755685928258105
9.11000,0.3794529836014463
9.12000,0.3833497104700195
9.13000,0.3872986330303752
9.14000,0.3912749737990099
9.15000,0.3952638308957738
9.16000,0.3992647147207206
9.17000,0.4032773406089034
9.18000,0.4073011448846351
9.19000,0.4113663505168759
9.20000,0.4154736572445619
9.21000,0.4195920065531201
9.22000,0.4237231583075190
9.23000,0.4278677582114652
9.24000,0.4320235927907583
9.25000,0.4362031826295407
9.26000,0.4404397104805977
9.27000,0.4446864661948010
9.28000,0.4489442891294861
9.29000,0.4532122812939713
9.30000,0.4574903098990971
9.31000,0.4617777720061366
9.32000,0.4661345345231036
9.33000,0.4705070379472120
9.34000,0.4748892844907222
9.35000,0.4792806659597145
9.36000,0.4836819135913759
9.37000,0.4880922106945729
9.38000,0.4925471145843531
9.39000,0.4970391458624210
9.40000,0.5015406835238753
9.41000,0.5060507583447619
9.42000,0.5105692292415192
9.43000,0.5150955881876244
9.44000,0.5196411341364132
9.45000,0.5242514449633093
9.46000,0.5288700192467722
9.47000,0.5334961555158703
9.48000,0.5381298508946086
9.49000,0.5427713987224652
9.50000,0.5474198156908984
9.51000,0.5513007695841865
9.52000,0.5551917934593946
9.53000,0.5590786809508373
9.54000,0.5629561642920790
9.55000,0.5668243320274274
9.56000,0.5706824800380027
9.57000,0.5745477088995620
9.58000,0.5784592659385287
9.59000,0.5823601647397501
9.60000,0.5862502127736683
9.61000,0.5901297484496962
9.62000,0.5939977853586557
9.63000,0.5978546040745604
9.64000,0.6017526035495142
9.65000,0.6056624655283486
9.66000,0.6095600000505772
9.67000,0.6134452119561694
9.68000,0.6173171964966025
9.69000,0.6211764982859553
9.70000,0.6250306738314028
9.71000,0.6289326925063254
9.72000,0.6328203906960027
9.73000,0.6366937526973580
9.74000,0.6405533635050616
9.75000,0.6443981940566563
9.76000,0.6482281307163215
9.77000,0.6520776627060854
9.78000,0.6559475027284972
9.79000,0.6598017912414521
9.80000,0.6636394747244504
9.81000,0.6674608378431088
9.82000,0.6712661689603323
9.83000,0.6750550447530741
9.84000,0.6788904158621336
9.85000,0.6827197946587299
9.86000,0.6865317955301364
9.87000,0.6903260302533758
9.88000,0.6941021806180504
9.89000,0.6978594007969925
9.90000,0.7016092132310093
9.91000,0.7054125147953342
9.92000,0.7091966155470758
9.93000,0.7129612413263384
9.94000,0.7167064390512115
9.95000,0.7204317267487996
9.96000,0.7241365624830306
9.97000,0.7278508724480827
9.98000,0.7315939433814019
9.99000,0.7353164525685767
10.0000,0.7390180626856356
10.0100,0.7426978582054584
10.0200,0.7463554058829250
10.0300,0.7499915048966994
10.0400,0.7536466996422373
10.0500,0.7573109125167699
10.0600,0.7609519071244608
10.0700,0.7645697609456614
10.0800,0.7681648006912785
10.0900,0.7717356604687000
10.1000,0.7752829152413473
10.1100,0.7788615362011215
10.1200,0.7824373225914667
10.1300,0.7859884848335713
10.1400,0.7895140521990673
10.1500,0.7930153884766721
10.1600,0.7964958803732655
10.1700,0.7999512097267976
10.1800,0.8034458371111475
10.1900,0.8069290342847447
10.2000,0.8103859992420869
10.2100,0.8138162055230884
10.2200,0.8172194009643715
10.2300,0.8205955164057869
10.2400,0.8239445235176016
10.2500,0.8273367711008937
10.2600,0.8307108574239748
10.2700,0.8340563244185180
10.2800,0.8373735975012957
10.2900,0.8406624943072907
10.3000,0.8439228916381216
10.3100,0.8471541013842295
10.3200,0.8504210633201159
10.3300,0.8536667031627442
10.3400,0.8568820704021357
10.3500,0.8600677508110721
10.3600,0.8632234364342768
10.3700,0.8663491424113877
10.3800,0.8694440224822780
10.3900,0.8725792831178137
10.4000,0.8756962583410878
10.4100,0.8787816750411821
10.4200,0.8818359090049833
10.4300,0.8848579431695803
10.4400,0.8878484579081802
10.4500,0.8908065776690840
10.4600,0.8937841729184914
10.4700,0.8967441157817205
10.4800,0.8996717521804817
10.4900,0.9025696118282898
10.5000,0.9054354974139127
10.5100,0.9082681774043516
10.5200,0.9110668573150960
10.5300,0.9138860674635247
10.5400,0.9167028223358997
10.5500,0.9194848711615878
10.5600,0.9222323181197954
10.5700,0.9249450254302026
10.5800,0.9276226975372396
10.5900,0.9302651906083013
10.6000,0.9329072193583907
10.6100,0.9355555386060187
10.6200,0.9381681165197886
10.6300,0.9407445240921630
10.6400,0.9432844445430485
10.6500,0.9457880963089991
10.6600,0.9482549894272059
10.6700,0.9506997457498646
10.6800,0.9531578485356217
10.6900,0.9555790117429900
10.7000,0.9579625303744499
10.7100,0.9603082050034647
10.7200,0.9626163121333392
10.7300,0.9648861769203599
10.7400,0.9671183689432783
10.7500,0.9693916157109737
10.7600,0.9716324962395781
10.7700,0.9738337957204237
10.7800,0.9759962698764031
10.7900,0.9781195895448089
10.8000,0.9802041160056905
10.8100,0.9822485545766146
10.8200,0.9842982635137016
10.8300,0.9863383597879972
10.8400,0.9883417635966417
10.8500,0.9903045622693786
10.8600,0.9922268357679248
10.8700,0.9941083720878560
10.8800,0.9959495973145602
10.8900,0.9977666905573257
10.9000,0.9996020550911003
10.9100,1.001396150751869
10.9200,1.003148505705473
10.9300,1.004859011675807
10.9400,1.006527939003281
10.9500,1.008155078678636
10.9600,1.009739952239914
10.9700,1.011339568385069
10.9800,1.012911587057853
10.9900,1.014441021161446
11.0000,1.015927289441021
11.0100,1.018154737887282
11.0200,1.020347580602390
11.0300,1.022505859873705
11.0400,1.024652026893969
11.0500,1.026813478816835
11.0600,1.028938894665179
11.0700,1.031029625549189
11.0800,1.033084547543141
11.0900,1.035104056468572
11.1000,1.037087719318611
11.1100,1.039035460521997
11.1200,1.040998866419767
11.1300,1.042940141517470
11.1400,1.044844920310887
11.1500,1.046713764361536
11.1600,1.048545895737015
11.1700,1.050341445238155
11.1800,1.052100294395047
11.1900,1.053839902443743
11.2000,1.055599345925669
11.2100,1.057321581357924
11.2200,1.059006073855998
11.2300,1.060653459061634
11.2400,1.062263690067512
11.2500,1.063835976173991
11.2600,1.065370902887042
11.2700,1.066912259087494
11.2800,1.068452277762783
11.2900,1.069954235035819
11.3000,1.071417720388786
11.3100,1.072842282286172
11.3200,1.074228870146139
11.3300,1.075577029210274
11.3400,1.076886617267740
11.3500,1.078205067643796
11.3600,1.079491713694622
11.3700,1.080739376914410
11.3800,1.081948171135833
11.3900,1.083117450950586
11.4000,1.084247870310132
11.4100,1.085339215623720
11.4200,1.086400391333286
11.4300,1.087487354415037
11.4400,1.088534287272893
11.4500,1.089541659851661
11.4600,1.090509085900684
11.4700,1.091436717319946
11.4800,1.092324456859937
11.4900,1.093172407141641
11.5000,1.093601209201001
11.5100,1.093084259163274
11.5200,1.092278023215525
11.5300,1.091104060451819
11.5400,1.089449393586561
11.5500,1.087141166339735
11.5600,1.083902672438909
11.5700,1.079252394312310
11.5800,1.076318104332972
11.5900,1.076933662460370
11.6000,1.077508812260303
11.6100,1.078043463999766
11.6200,1.078537882125379
11.6300,1.078991396632778
11.6400,1.079404562103534
11.6500,1.079777312723198
11.6600,1.080147754622469
11.6700,1.080504550497028
11.6800,1.080820438255117
11.6900,1.081095359497080
11.7000,1.081329040729774
11.7100,1.081521526171203
11.7200,1.081672978514557
11.7300,1.081783427331777
11.7400,1.081888297541273
11.7500,1.081973201925879
11.7600,1.082016072786475
11.7700,1.082017505339145
11.7800,1.081977276876155
11.7900,1.081895726332189
11.8000,1.081772471389477
11.8100,1.081607356380210
11.8200,1.081439779517832
11.8300,1.081253953997909
11.8400,1.081026070032319
11.8500,1.080756018858504
11.8600,1.080444126268824
11.8700,1.080089709366213
11.8800,1.079693481710106
11.8900,1.079255298646304
11.9000,1.077690638832382
11.9100,1.074988306776739
11.9200,1.071862455636586
11.9300,1.068205072626579
11.9400,1.063857453318579
11.9500,1.058585557612966
11.9600,1.052030188735939
11.9700,1.043606922124138
11.9800,1.037450312839172
11.9900,1.036806205568253
12.0000,1.036120042925682
12.0100,1.035391668804762
12.0200,1.034621859540707
12.0300,1.033809910686778
12.0400,1.032956405772204
12.0500,1.032060727263729
12.0600,1.031138275438893
12.0700,1.030214215542732
12.0800,1.029247558961910
12.0900,1.028239203841456
12.1000,1.027188345516864
12.1100,1.026095044648263
12.1200,1.024959728389194
12.1300,1.023782487451939
12.1400,1.022564726099680
12.1500,1.021356292077418
12.1600,1.020104906475616
12.1700,1.018811328349849
12.1800,1.017474803334485
12.1900,1.016095856513837
12.2000,1.014674775288800
12.2100,1.013211012081788
12.2200,1.011705184024753
12.2300,1.010191118293229
12.2400,1.008645528945016
12.2500,1.007057289174586
12.2600,1.005426443016978
12.2700,1.003752575194398
12.2800,1.002036349911170
12.2900,1.000277333782674
12.3000,0.9984757077239326
12.3100,0.9966513495675784
12.3200,0.9948147832530493
12.3300,0.9929360049892485
12.3400,0.9910139765479549
12.3500,0.9890493323464906
12.3600,0.9870417295084501
12.3700,0.9849913058650025
12.3800,0.9828980162678222
12.3900,0.9807623541753733
12.4000,0.9786314410094320
12.4100,0.9764570376599697
12.4200,0.9742395815140361
12.4300,0.9719793546639682
12.4400,0.9696759794584712
12.4500,0.9673294391866905
12.4600,0.9649402161827096
12.4700,0.9625081533766874
12.4800,0.9600542975013671
12.4900,0.9575738293526267
12.5000,0.9550501951893631
12.5100,0.9524842799451112
12.5200,0.9498747516263109
12.5300,0.9472222672107609
12.5400,0.9445267806799812
12.5500,0.9417887147337725
12.5600,0.9390091691813469
12.5700,0.9362285635063260
12.5800,0.9334044883929316
12.5900,0.9305374926993145
12.6000,0.9276275568329791
12.6100,0.9246741874877943
12.6200,0.9216778149404362
12.6300,0.9186389647519663
12.6400,0.9155574443126608
12.6500,0.9124511427833544
12.6600,0.9093231830435488
12.6700,0.9061517629754053
12.6800,0.9029376484224836
12.6900,0.8996804932801270
12.7000,0.8963801480558958
12.7100,0.8930370542040430
12.7200,0.8896518989086353
12.7300,0.8862252874010426
12.7400,0.8827848162144166
12.7500,0.8793072331556068
12.7600,0.8757868929845178
12.7700,0.8722233969487916
12.7800,0.8686169734911520
12.7900,0.8649678695154359
12.8000,0.8612756103879700
12.8100,0.8575413130539673
12.8200,0.8537691350348526
12.8300,0.8499834608309170
12.8400,0.8461549716021400
12.8500,0.8422838230902089
12.8600,0.8383698363026659
12.8700,0.8344127017625650
12.8800,0.8304130922429405
12.8900,0.8263714923298497
12.9000,0.8222870677802925
12.9100,0.8181720302070907
12.9200,0.8140330539395003
12.9300,0.8098517112110282
12.9400,0.8056272437193517
12.9500,0.8013602717890215
12.9600,0.7970507663095341
12.9700,0.7926995452493644
12.9800,0.7883053830306341
12.9900,0.7838690729269053
13.0000,0.7794086809150207
13.0100,0.7793066757738510
13.0200,0.7791876570247283
13.0300,0.7790511553672217
13.0400,0.7788974478847116
13.0500,0.7787265763233818
13.0600,0.7785384260363232
13.0700,0.7783330263985839
13.0800,0.7781108710488783
13.0900,0.7778919363636022
13.1000,0.7776643475478022
13.1100,0.7774193098393122
13.1200,0.7771572809717777
13.1300,0.7768776764357006
13.1400,0.7765820577367472
13.1500,0.7762696835788409
13.1600,0.7759401108616450
13.1700,0.7755935585351662
13.1800,0.7752516318713485
13.1900,0.7748983365226452
13.2000,0.7745280144193930
13.2100,0.7741401721558946
13.2200,0.7737355801867666
13.2300,0.7733135823331048
13.2400,0.7728745766353968
13.2500,0.7724187689383142
13.2600,0.7719456725265226
13.2700,0.7710079683504864
13.2800,0.7699041071679653
13.2900,0.7687467926459862
13.3000,0.7675320610246648
13.3100,0.7662562191222511
13.3200,0.7649144396031434
13.3300,0.7635012305399322
13.3400,0.7620108881848785
13.3500,0.7604360135518436
13.3600,0.7595834041979146
13.3700,0.7589899387815917
13.3800,0.7583792961172776
13.3900,0.7577520379090948
13.4000,0.7571077341650574
13.4100,0.7564466574734459
13.4200,0.7557686645572271
13.4300,0.7550741220373801
13.4400,0.7543629283471975
13.4500,0.7536527543327027
13.4600,0.7529363771982472
13.4700,0.7522032790223485
13.4800,0.7514531397317228
13.4900,0.7506864512992070
13.5000,0.7499030058656935
13.5100,0.7491026405554220
13.5200,0.7482858190383784
13.5300,0.7474521832314466
13.5400,0.7466119007548904
13.5500,0.7457671708328356
13.5600,0.7449057765945414
13.5700,0.7440285518188728
13.5800,0.7431346395241457
13.5900,0.7422243337936595
13.6000,0.7412972774949512
13.6100,0.7403535698929370
13.6200,0.7393935949550945
13.6300,0.7384220532421356
13.6400,0.7374527709264709
13.6500,0.7364667956373355
13.6600,0.7354642024531444
13.6700,0.7344447217123069
13.6800,0.7334093736078606
13.6900,0.7323571318902534
13.7000,0.7312885606127071
13.7100,0.7302034823748466
13.7200,0.7291022537860526
13.7300,0.7271701217334985
13.7400,0.7250949208592711
13.7500,0.7229512813507766
13.7600,0.7207343204478737
13.7700,0.7184384502220929
13.7800,0.7160570445599854
13.7900,0.7135833595159592
13.8000,0.7110094774391371
13.8100,0.7083251150636036
13.8200,0.7062744621776414
13.8300,0.7048225117614215
13.8400,0.7033508498597358
13.8500,0.7018599174883425
13.8600,0.7003491047926522
13.8700,0.6988185487400779
13.8800,0.6972683241428951
13.8900,0.6956983601070006
13.9000,0.6941085038392235
13.9100,0.6925328847318101
13.9200,0.6912170361175252
13.9300,0.6898851527472281
13.9400,0.6885372319270848
13.9500,0.6871734120799070
13.9600,0.6857937286878266
13.9700,0.6843981764392205
13.9800,0.6829869103856194
13.9900,0.6815598097039102
14.0000,0.6801168133913013
14.0100,0.6786698516964743
14.0200,0.6772145985072587
14.0300,0.6757431599885854
14.0400,0.6742562120445997
14.0500,0.6727535745817672
14.0600,0.6712350653905805
14.0700,0.6697008945561099
14.0800,0.6681512222062289
14.0900,0.6665858190326823
14.1000,0.6650063569222985
14.1100,0.6634292806213856
14.1200,0.6618365317933111
14.1300,0.6602282074399374
14.1400,0.6586042613642732
14.1500,0.6569647792684546
14.1600,0.6553097301129341
14.1700,0.6536394001565374
14.1800,0.6519535342682932
14.1900,0.6502523121235741
14.2000,0.6485431612343390
14.2100,0.6468278600395877
14.2200,0.6450974651843411
14.2300,0.6433512448309000
14.2400,0.6415898388853328
14.2500,0.6398131621557911
14.2600,0.6380213522445837
14.2700,0.6362138067327463
14.2800,0.6343913974349439
14.2900,0.6325538244049205
14.3000,0.6303902227822510
14.3100,0.6281026147210377
14.3200,0.6257937473554076
14.3300,0.6234633536073925
14.3400,0.6211114084862067
14.3500,0.6187381434221623
14.3600,0.6163425267431503
14.3700,0.6139247598572327
14.3800,0.6114845818743507
14.3900,0.6090221882564950
14.4000,0.6070643318911676
14.4100,0.6050966148885533
14.4200,0.6031141281616152
14.4300,0.6011169512481144
14.4400,0.5991047258046254
14.4500,0.5970776196105947
14.4600,0.5950356955500470
14.4700,0.5929797257731391
14.4800,0.5909089981177001
14.4900,0.5888260981046833
14.5000,0.5867400658593371
14.5100,0.5846395504219424
14.5200,0.5825239444946239
14.5300,0.5803938621819390
14.5400,0.5782490707092250
14.5500,0.5760898966360334
14.5600,0.5739160175194373
14.5700,0.5717276334708170
14.5800,0.5695248610107975
14.5900,0.5673113782509638
14.6000,0.5650933693395596
14.6100,0.5628604407961748
14.6200,0.5606132546201282
14.6300,0.5583516048320538
14.6400,0.5560756620438294
14.6500,0.5537852135060163
14.6600,0.5514804139942889
14.6700,0.5491615072085543
14.6800,0.5468285581726171
14.6900,0.5444853556094468
14.7000,0.5421367911020645
14.7100,0.5397740819036597
14.7200,0.5373972789517729
14.7300,0.5350059913365515
14.7400,0.5326005914023406
14.7500,0.5301809603393000
14.7600,0.5277477572872697
14.7700,0.5252999998450872
14.7800,0.5228384463382733
14.7900,0.5203666671175601
14.8000,0.5178900853513485
14.8100,0.5153990018639053
14.8200,0.5128939786391711
14.8300,0.5103750569593953
14.8400,0.5078420838681050
14.8500,0.5052955451501198
14.8600,0.5027349155855610
14.8700,0.5001603818046374
14.8800,0.4975721669553062
14.8900,0.4949727130728367
14.9000,0.4923679553011854
14.9100,0.4897492318301185
14.9200,0.4871167383420170
14.9300,0.4844707636506353
14.9400,0.4818109547025221
14.9500,0.4791377751493602
14.9600,0.4764510284741670
14.9700,0.4737509133642241
14.9800,0.4710371765138174
14.9900,0.4683103213570166
15.0000,0.4655796446025711
15.0100,0.4647172181415995
15.0200,0.4638475410416997
15.0300,0.4629705950134206
15.0400,0.4620865530121957
15.0500,0.4611952518572286
15.0600,0.4602968339974650
15.0700,0.4593911701349739
15.0800,0.4584784623444836
15.0900,0.4575586956565337
15.1000,0.4566406045769693
15.1100,0.4557170868773491
15.1200,0.4547865360174188
15.1300,0.4538489236466261
15.1400,0.4529040765962724
15.1500,0.4519523474621931
15.1600,0.4509933827584064
15.1700,0.4500273892460813
15.1800,0.4490547058060952
15.1900,0.4480746812140196
15.2000,0.4470924655599964
15.2100,0.4461076386114690
15.2200,0.4451159577295449
15.2300,0.4441171875790016
15.2400,0.4431114427826797
15.2500,0.4420987382432242
15.2600,0.4410790615595598
15.2700,0.4400524701983388
15.2800,0.4390190020629363
15.2900,0.4379786455516544
15.3000,0.4369329601292430
15.3100,0.4358881786574189
15.3200,0.4348365173003107
15.3300,0.4337779382898732
15.3400,0.4327124863844535
15.3500,0.4316402856257326
15.3600,0.4305613259086712
15.3700,0.4294753578397318
15.3800,0.4283827441140837
15.3900,0.4272833721338050
15.4000,0.4261772789408871
15.4100,0.4250701343927055
15.4200,0.4239586981175514
15.4300,0.4228407963603992
15.4400,0.4217161966499498
15.4500,0.4205848179046627
15.4600,0.4194467572133293
15.4700,0.4183020652613401
15.4800,0.4171506121780201
15.4900,0.4159925781388648
15.5000,0.4148278758845320
15.5100,0.4136582175783950
15.5200,0.4124880829730058
15.5300,0.4113113187198251
15.5400,0.4101277936897871
15.5500,0.4089379167981464
15.5600,0.4077413240586850
15.5700,0.4065380951652833
15.5800,0.4053283460285126
15.5900,0.4041123187057908
15.6000,0.4028895157101368
15.6100,0.4016603442170485
15.6200,0.4004292853790236
15.6300,0.3991944804955006
15.6400,0.3979535857659858
15.6500,0.3967059581172782
15.6600,0.3954518578588758
15.6700,0.3941912098871490
15.6800,0.3929244597479127
15.6900,0.3916510490916769
15.7000,0.3903713062212388
15.7100,0.3890852193836031
15.7200,0.3877929825232199
15.7300,0.3865009821312498
15.7400,0.3852029161238283
15.7500,0.3838985219647401
15.7600,0.3825878576383539
15.7700,0.3812707674059818
15.7800,0.3799474636584997
15.7900,0.3786178327238985
15.8000,0.3772821557871016
15.8100,0.3759399915609130
15.8200,0.3745915699333672
15.8300,0.3732384886517233
15.8400,0.3718846066987936
15.8500,0.3705244109652766
15.8600,0.3691578869762686
15.8700,0.3677852421466737
15.8800,0.3664064093722639
15.8900,0.3650215034123495
15.9000,0.3636303236609537
15.9100,0.3622329489983793
15.9200,0.3608295808738330
15.9300,0.3594202345928201
15.9400,0.3580071473260485
15.9500,0.3565913021698743
15.9600,0.3551694260159851
15.9700,0.3537415167609020
15.9800,0.3523075338613883
15.9900,0.3508673851216131
16.0000,0.3494212319406020
16.0100,0.3479693585517241
16.0200,0.3465109388231956
16.0300,0.3450472090670036
16.0400,0.3435768508672027
16.0500,0.3421045012193779
16.0600,0.3406287711684993
16.0700,0.3391470693200880
16.0800,0.3376594660769611
16.0900,0.3361658246859002
16.1000,0.3346666042274592
16.1100,0.3331609096937584
16.1200,0.3316499520220516
16.1300,0.3301324672977253
16.1400,0.3286098320968829
16.1500,0.3270809796893919
16.1600,0.3255493369011536
16.1700,0.3240138541460841
16.1800,0.3224725329306824
16.1900,0.3209257323776419
16.2000,0.3193724837824171
16.2100,0.3178140541388659
16.2200,0.3162495931391163
16.2300,0.3146793804557162
16.2400,0.3131035364840076
16.2500,0.3115219879715966
16.2600,0.3099350392326466
16.2700,0.3083446727662697
16.2800,0.3067516322834535
16.2900,0.3051522845219509
16.3000,0.3035478830598857
16.3100,0.3019374130544422
16.3200,0.3003213912733057
16.3300,0.2986997804589487
16.3400,0.2970724197611022
16.3500,0.2954399075401574
16.3600,0.2938011891711178
16.3700,0.2921575480642656
16.3800,0.2905099321044990
16.3900,0.2888598320949545
16.4000,0.2872038545593649
16.4100,0.2855423872224616
16.4200,0.2838753183610836
16.4300,0.2822027307358057
16.4400,0.2805250295764986
16.4500,0.2788412347080196
16.4600,0.2771526820058554
16.4700,0.2754583893754307
16.4800,0.2737586571785789
16.4900,0.2720545655024619
16.5000,0.2703476566084612
16.5100,0.2686357133533880
16.5200,0.2669175577945401
16.5300,0.2651947454267952
16.5400,0.2634658890629737
16.5500,0.2617323353473576
16.5600,0.2599931005082019
16.5700,0.2582485865804215
16.5800,0.2564988253628942
16.5900,0.2547437267327910
16.6000,0.2529837890971489
16.6100,0.2512217996836928
16.6200,0.2494551787117895
16.6300,0.2476826133141278
16.6400,0.2459054908075576
16.6500,0.2441227340884377
16.6600,0.2423347979539550
16.6700,0.2405415903626531
16.6800,0.2387431662913810
16.6900,0.2369400434058459
16.7000,0.2351309715433446
16.7100,0.2333174696485885
16.7200,0.2315006574369239
16.7300,0.2296796313679041
16.7400,0.2278534611123849
16.7500,0.2260221828858234
16.7600,0.2241861482550051
16.7700,0.2223442420401764
16.7800,0.2204980212608684
16.7900,0.2186460352533084
16.8000,0.2167897005942866
16.8100,0.2149280032476522
16.8200,0.2130612890141101
16.8300,0.2111905041237468
16.8400,0.2093170669697328
16.8500,0.2074388920278699
16.8600,0.2055550384367380
16.8700,0.2036668638384051
16.8800,0.2017730332071992
16.8900,0.1998749551437815
16.9000,0.1979715494887531
16.9100,0.1960632487686143
16.9200,0.1941500926520135
16.9300,0.1922319609755749
16.9400,0.1903093221944402
16.9500,0.1883831017245234
16.9600,0.1864531524428767
16.9700,0.1845180006782082
16.9800,0.1825779961610414
16.9900,0.1806330696651059
17.0000,0.1786834243182593
17.0100,0.1781666315355680
17.0200,0.1776480332810438
17.0300,0.1771276608145644
17.0400,0.1766053281173461
17.0500,0.1760811837300695
17.0600,0.1755556674880116
17.0700,0.1750299884761130
17.0800,0.1745024120148043
17.0900,0.1739729898819810
17.1000,0.1734417478048150
17.1100,0.1729087672023900
17.1200,0.1723738474080389
17.1300,0.1718371462625689
17.1400,0.1712985516471291
17.1500,0.1707581533211751
17.1600,0.1702160163175414
17.1700,0.1696720861800921
17.1800,0.1691276695678560
17.1900,0.1685823663867838
17.2000,0.1680353668650613
17.2100,0.1674864510230847
17.2200,0.1669357891390192
17.2300,0.1663832872472105
17.2400,0.1658290248362001
17.2500,0.1652729531977198
17.2600,0.1647151470323079
17.2700,0.1641555947727162
17.2800,0.1635943669562874
17.2900,0.1630313361212004
17.3000,0.1624682179374077
17.3100,0.1619036223023788
17.3200,0.1613372342347329
17.3300,0.1607691306298210
17.3400,0.1601992492311055
17.3500,0.1596276817940069
17.3600,0.1590544652976956
17.3700,0.1584794322096506
17.3800,0.1579026336048888
17.3900,0.1573241658099007
17.4000,0.1567439401044549
17.4100,0.1561621464478989
17.4200,0.1555803855465312
17.4300,0.1549968863084767
17.4400,0.1544116538314512
17.4500,0.1538248399323212
17.4600,0.1532362426975222
17.4700,0.1526459193300077
17.4800,0.1520538838522866
17.4900,0.1514602329922052
17.5000,0.1508648835584575
17.5100,0.1502678773691849
17.5200,0.1496692061184057
17.5300,0.1490693434813066
17.5400,0.1484691385612041
17.5500,0.1478673107729727
17.5600,0.1472638101959924
17.5700,0.1466586317293706
17.5800,0.1460518432065181
17.5900,0.1454434279761030
17.6000,0.1448333306326265
17.6100,0.1442216994426332
17.6200,0.1436083621205997
17.6300,0.1429933890192419
17.6400,0.1423768122484859
17.6500,0.1417590250675229
17.6600,0.1411409312912862
17.6700,0.1405212211535362
17.6800,0.1398998896486031
17.6900,0.1392769633128136
17.7000,0.1386525603298901
17.7100,0.1380264071746811
17.7200,0.1373986933266837
17.7300,0.1367693691406259
17.7400,0.1361384093335885
17.7500,0.1355059419308384
17.7600,0.1348718730332513
17.7700,0.1342364770538058
17.7800,0.1336008052325978
17.7900,0.1329633949666105
17.8000,0.1323244257456045
17.8100,0.1316838678670407
17.8200,0.1310417548584824
17.8300,0.1303981087938113
17.8400,0.1297528792906026
17.8500,0.1291061381316787
17.8600,0.1284579706718079
17.8700,0.1278081528256039
17.8800,0.1271567843131840
17.8900,0.1265040036919959
17.9000,0.1258509975768454
17.9100,0.1251964099213847
17.9200,0.1245403246653118
17.9300,0.1238827171252664
17.9400,0.1232235794419525
17.9500,0.1225630653157865
17.9600,0.1219009305401796
17.9700,0.1212372853962669
17.9800,0.1205721418791046
17.9900,0.1199055141923918
18.0000,0.1192374238954601
18.0100,0.1185678048787607
18.0200,0.1178977512360858
18.0300,0.1172265079292821
18.0400,0.1165536808466196
18.0500,0.1158793641213897
18.0600,0.1152035905503852
18.0700,0.1145263095564498
18.0800,0.1138475793867687
18.0900,0.1131673913044255
18.1000,0.1124857540858447
18.1100,0.1118028127195638
18.1200,0.1111182801999004
18.1300,0.1104323404870156
18.1400,0.1097455321171573
18.1500,0.1090578236845178
18.1600,0.1083686435325761
18.1700,0.1076780415222780
18.1800,0.1069860157213205
18.1900,0.1062925770893733
18.2000,0.1055978178294870
18.2100,0.1049014865207981
18.2200,0.1042037934778731
18.2300,0.1035046538288905
18.2400,0.1028041576826329
18.2500,0.1021022180676052
18.2600,0.1013991102018495
18.2700,0.1006954825564050
18.2800,0.09999060815972628
18.2900,0.09928418478941881
18.3000,0.09857637611569983
18.3100,0.09786718322765067
18.3200,0.09715660749076309
18.3300,0.09644465277198987
18.3400,0.09573131827361948
18.3500,0.09501662843384751
18.3600,0.09430069512858057
18.3700,0.09358330700967890
18.3800,0.09286452373027973
18.3900,0.09214498311813324
18.4000,0.09142430660122693
18.4100,0.09070228600585555
18.4200,0.08997891335883930
18.4300,0.08925421124928978
18.4400,0.08852814751984482
18.4500,0.08780090012671031
18.4600,0.08707218031655944
18.4700,0.08634210803774323
18.4800,0.08561075355317445
18.4900,0.08487806180458414
18.5000,0.08414406049757549
18.5100,0.08340886025815608
18.5200,0.08267307475475126
18.5300,0.08193610883808100
18.5400,0.08119769425098092
18.5500,0.08045795824234547
18.5600,0.07971691414998278
18.5700,0.07897460511197883
18.5800,0.07823097021475209
18.5900,0.07748604268073880
18.6000,0.07673984751174498
18.6100,0.07599249345471903
18.6200,0.07524373381371507
18.6300,0.07449370706741809
18.6400,0.07374273002949898
18.6500,0.07299081792988123
18.6600,0.07223761250237970
18.6700,0.07148315102282765
18.6800,0.07072738052681783
18.6900,0.06997038862496655
18.7000,0.06921227918951425
18.7100,0.06845277981684744
18.7200,0.06769201920102497
18.7300,0.06693002470145000
18.7400,0.06616678489463863
18.7500,0.06540231480987571
18.7600,0.06463662003688998
18.7700,0.06387016192796031
18.7800,0.06310272149017648
18.7900,0.06233391077926035
18.8000,0.06156388213256993
18.8100,0.06079259657592898
18.8200,0.06002009809054329
18.8300,0.05924641866821319
18.8400,0.05847149776453313
18.8500,0.05769536709267260
18.8600,0.05691819143213474
18.8700,0.05613965618678327
18.8800,0.05535993627468647
18.8900,0.05457902678116226
18.9000,0.05379736375320178
18.9100,0.05301450266939904
18.9200,0.05223045541200613
18.9300,0.05144521834754800
18.9400,0.05065876704784771
18.9500,0.04987130790415735
18.9600,0.04908254031774185
18.9700,0.04829260133647998
18.9800,0.04750146657450996
18.9900,0.04670918300979929
19.0000,0.04591575200333704
19.0100,0.04581457324069017
19.0200,0.04571318201950791
19.0300,0.04561191895770320
19.0400,0.04551039260522587
19.0500,0.04540860925596631
19.0600,0.04530658681107253
19.0700,0.04520432365586620
19.0800,0.04510180399401367
19.0900,0.04499907158132883
19.1000,0.04489607407645280
19.1100,0.04479286544649674
19.1200,0.04468939011899237
19.1300,0.04458568550630439
19.1400,0.04448173428206744
19.1500,0.04437759779853331
19.1600,0.04427355331339982
19.1700,0.04416928773796298
19.1800,0.04406476917226048
19.1900,0.04396003330466244
19.2000,0.04385506747782256
19.2100,0.04374983364024331
19.2200,0.04364438419610436
19.2300,0.04353869542939008
19.2400,0.04343277623259148
19.2500,0.04332661514313794
19.2600,0.04322023120867008
19.2700,0.04311359980132573
19.2800,0.04300679189802312
19.2900,0.04290002839493384
19.3000,0.04279303870610420
19.3100,0.04268580466114637
19.3200,0.04257835082285251
19.3300,0.04247066160312354
19.3400,0.04236274855437930
19.3500,0.04225459747022892
19.3600,0.04214624634588741
19.3700,0.04203765200658099
19.3800,0.04192882729605046
19.3900,0.04181977597562446
19.4000,0.04171050515579261
19.4100,0.04160101098046944
19.4200,0.04149157604098486
19.4300,0.04138196116707460
19.4400,0.04127212127797956
19.4500,0.04116208075312788
19.4600,0.04105179246200201
19.4700,0.04094127835297535
19.4800,0.04083054547517994
19.4900,0.04071960233599045
19.5000,0.04060843013053986
19.5100,0.04049704329125446
19.5200,0.04038544034890635
19.5300,0.04027363552820753
19.5400,0.04016159176487264
19.5500,0.04004952740850453
19.5600,0.03993735673736414
19.5700,0.03982496144011519
19.5800,0.03971235309491460
19.5900,0.03959952273196541
19.6000,0.03948648382578731
19.6100,0.03937324438878049
19.6200,0.03925977862897859
19.6300,0.03914610080348617
19.6400,0.03903220640240693
19.6500,0.03891810117603327
19.6600,0.03880378381707383
19.6700,0.03868925110721885
19.6800,0.03857461511163541
19.6900,0.03845998990272895
19.7000,0.03834517228214925
19.7100,0.03823012109815051
19.7200,0.03811485841480357
19.7300,0.03799938211521855
19.7400,0.03788370096218849
19.7500,0.03776781422100222
19.7600,0.03765173052820791
19.7700,0.03753543198769184
19.7800,0.03741893984058458
19.7900,0.03730224197661066
19.8000,0.03718532199431988
19.8100,0.03706820424211939
19.8200,0.03695119294746859
19.8300,0.03683400880659761
19.8400,0.03671662229845273
19.8500,0.03659904537181432
19.8600,0.03648127536587684
19.8700,0.03636327194000413
19.8800,0.03624507219136216
19.8900,0.03612667797034391
19.9000,0.03600807662139695
19.9100,0.03588927746912420
19.9200,0.03577027842927977
19.9300,0.03565108436154277
19.9400,0.03553170373412852
19.9500,0.03541220467898559
19.9600,0.03529267067956955
19.9700,0.03517294843274604
19.9800,0.03505302070599036
19.9900,0.03493289984683832
20.0000,0.03481257766101355
20.0100,0.03469205994379900
20.0200,0.03457134324197435
20.0300,0.03445046301605382
20.0400,0.03432936144183658
20.0500,0.03420806874634646
20.0600,0.03408657528228588
20.0700,0.03396489998668259
20.0800,0.03384302453277198
20.0900,0.03372105810016116
20.1000,0.03359893294528857
20.1100,0.03347664385681842
20.1200,0.03335414130989676
20.1300,0.03323144483357515
20.1400,0.03310855095272244
20.1500,0.03298548548834199
20.1600,0.03286222493688792
20.1700,0.03273877730105167
20.1800,0.03261513964030256
20.1900,0.03249134370234849
20.2000,0.03236733566552854
20.2100,0.03224314051704692
20.2200,0.03211877452854535
20.2300,0.03199442805571236
20.2400,0.03186989100594352
20.2500,0.03174517030389656
20.2600,0.03162026341799548
20.2700,0.03149517332934507
20.2800,0.03136991964646636
20.2900,0.03124446976267135
20.3000,0.03111883582787833
20.3100,0.03099302002087205
20.3200,0.03086702674736332
20.3300,0.03074084565785374
20.3400,0.03061449406602142
20.3500,0.03048796195866964
20.3600,0.03036131647890434
20.3700,0.03023460644250199
20.3800,0.03010772142437119
20.3900,0.02998065698332740
20.4000,0.02985341851439508
20.4100,0.02972599446370660
20.4200,0.02959839734115174
20.4300,0.02947062469803544
20.4400,0.02934270805376210
20.4500,0.02921459019388296
20.4600,0.02908628711740807
20.4700,0.02895782398072129
20.4800,0.02882917604816541
20.4900,0.02870037129594965
20.5000,0.02857143901714395
20.5100,0.02844245415211086
20.5200,0.02831329007166960
20.5300,0.02818398654555740
20.5400,0.02805448729931451
20.5500,0.02792481049011991
20.5600,0.02779496682168758
20.5700,0.02766496178025087
20.5800,0.02753477734989187
20.5900,0.02740442746469830
20.6000,0.02727390319283011
20.6100,0.02714324369764641
20.6200,0.02701238598853852
20.6300,0.02688136846694204
20.6400,0.02675023593528776
20.6500,0.02661904066404815
20.6600,0.02648767346282457
20.6700,0.02635613600900539
20.6800,0.02622444423184461
20.6900,0.02609260660188009
20.7000,0.02596057729171180
20.7100,0.02582838811662996
20.7200,0.02569603946625734
20.7300,0.02556351938454468
20.7400,0.02543084337113527
20.7500,0.02529800363261840
20.7600,0.02516499711082510
20.7700,0.02503183393957290
20.7800,0.02489857482929280
20.7900,0.02476522520724711
20.8000,0.02463171225393936
20.8100,0.02449804003289552
20.8200,0.02436420962987649
20.8300,0.02423021864655047
20.8400,0.02409606927304100
20.8500,0.02396175953850878
20.8600,0.02382731501513809
20.8700,0.02369269608398944
20.8800,0.02355792134225003
20.8900,0.02342298546999005
20.9000,0.02328789307274011
20.9100,0.02315265439256810
20.9200,0.02301725717856107
20.9300,0.02288183278714478
20.9400,0.02274627302050033
20.9500,0.02261053388594271
20.9600,0.02247463764132443
20.9700,0.02233859470829817
20.9800,0.02220239378162172
20.9900,0.02206604210056745
21.0000,0.02192954142211912
21.0100,0.02179288296002149
21.0200,0.02165607334840399
21.0300,0.02151914483925645
21.0400,0.02138203777366857
21.0500,0.02124477943192609
21.0600,0.02110737447086760
21.0700,0.02096991492917902
21.0800,0.02083232487535568
21.0900,0.02069458820483704
21.1000,0.02055669995488080
21.1100,0.02041869099262418
21.1200,0.02028051233039485
21.1300,0.02014218361336200
21.1400,0.02000370511059860
21.1500,0.01986508194368575
21.1600,0.01972631154003280
21.1700,0.01958739791437482
21.1800,0.01944834085904261
21.1900,0.01930916826710959
21.2000,0.01916981925444904
21.2100,0.01903036639487076
21.2200,0.01889082457605798
21.2300,0.01875113591053542
21.2400,0.01861130675761408
21.2500,0.01847133057890009
21.2600,0.01833121875159377
21.2700,0.01819095845687895
21.2800,0.01805058497286138
21.2900,0.01791004377860126
21.3000,0.01776936260878668
21.3100,0.01762854281114132
21.3200,0.01748758712062059
21.3300,0.01734648396061845
21.3400,0.01720524019379880
21.3500,0.01706386275272583
21.3600,0.01692245524984771
21.3700,0.01678089065589481
21.3800,0.01663918433990739
21.3900,0.01649733820858523
21.4000,0.01635535688636772
21.4100,0.01621323399888087
21.4200,0.01607098041170596
21.4300,0.01592858509869554
21.4400,0.01578608583074310
21.4500,0.01564342582262329
21.4600,0.01550062822729815
21.4700,0.01535769770213518
21.4800,0.01521463331329087
21.4900,0.01507143602916063
21.5000,0.01492813827376033
21.5100,0.01478474486258362
21.5200,0.01464122288202662
21.5300,0.01449758905407605
21.5400,0.01435379985954588
21.5500,0.01420987754427182
21.5600,0.01406582777198619
21.5700,0.01392164324252539
21.5800,0.01377733122751817
21.5900,0.01363288639932389
21.6000,0.01348831195283398
21.6100,0.01334363714522942
21.6200,0.01319880659474448
21.6300,0.01305384510097270
21.6400,0.01290875585015196
21.6500,0.01276358294907003
21.6600,0.01261829458255969
21.6700,0.01247287923561208
21.6800,0.01232733891207994
21.6900,0.01218169941576299
21.7000,0.01203590508957690
21.7100,0.01188998115979758
21.7200,0.01174393278730943
21.7300,0.01159776010297303
21.7400,0.01145146031599849
21.7500,0.01130504276281512
21.7600,0.01115849445642551
21.7700,0.01101182816131804
21.7800,0.01086506451729176
21.7900,0.01071814943493478
21.8000,0.01057116039638358
21.8100,0.01042404417772135
21.8200,0.01027680678282143
21.8300,0.01012944956266996
21.8400,0.009981969718343787
21.8500,0.009834369482850505
21.8600,0.009686677294831643
21.8700,0.009538835120861117
21.8800,0.009390872283275439
21.8900,0.009242791505207593
21.9000,0.009094589761527013
21.9100,0.008946264890579895
21.9200,0.008797827133486241
21.9300,0.008649271586238214
21.9400,0.008500628064853419
21.9500,0.008351875190397698
21.9600,0.008203001751936952
21.9700,0.008054012318221804
21.9800,0.007904903854620216
21.9900,0.007755682362820828
22.0000,0.007606339094560056
22.0100,0.007456881716519586
22.0200,0.007307308882232770
22.0300,0.007157647139182649
22.0400,0.007007844742614009
22.0500,0.006857930360606246
22.0600,0.006707899824553750
22.0700,0.006557754509180553
22.0800,0.006407496651337903
22.0900,0.006257127676731904
22.1000,0.006106670331532203
22.1100,0.005956124873135705
22.1200,0.005805444339864095
22.1300,0.005654645659543016
22.1400,0.005503739877452388
22.1500,0.005352723507198777
22.1600,0.005201590126897922
22.1700,0.005050352207361529
22.1800,0.004898997174524466
22.1900,0.004747567041806995
22.2000,0.004595992961040036
22.2100,0.004444315490401533
22.2200,0.004292524090876269
22.2300,0.004140629809551649
22.2400,0.003988622768978786
22.2500,0.003836527668631278
22.2600,0.003684319807266787
22.2700,0.003532008035949741
22.2800,0.003379617284817900
22.2900,0.003227085940851585
22.3000,0.003074448714790720
22.3100,0.002921709874411996
22.3200,0.002768859476260512
22.3300,0.002615909418339423
22.3400,0.002462853973664935
22.3500,0.002309688762049055
22.3600,0.002156452512035352
22.3700,0.002003078714661937
22.3800,0.001849607195784699
22.3900,0.001696026065074173
22.4000,0.001542353321063565
22.4100,0.001388572673030826
22.4200,0.001234694066193366
22.4300,0.001080706969217137
22.4400,0.0009266516305672148
22.4500,0.0007724655779441856
22.4600,0.0006181722418518113
22.4700,0.0004637829913906559
22.4800,0.0003092872547745037
22.4900,0.0001546908931901959
22.5000,0.000000000000000
22.5100,0.000000000000000
22.5200,0.000000000000000
22.5300,0.000000000000000
22.5400,0.000000000000000
22.5500,0.000000000000000
22.5600,0.000000000000000
22.5700,0.000000000000000
22.5800,0.000000000000000
22.5900,0.000000000000000
22.6000,0.000000000000000
22.6100,0.000000000000000
22.6200,0.000000000000000
22.6300,0.000000000000000
22.6400,0.000000000000000
22.6500,0.000000000000000
22.6600,0.000000000000000
22.6700,0.000000000000000
22.6800,0.000000000000000
22.6900,0.000000000000000
22.7000,0.000000000000000
22.7100,0.000000000000000
22.7200,0.000000000000000
22.7300,0.000000000000000
22.7400,0.000000000000000
22.7500,0.000000000000000
22.7600,0.000000000000000
22.7700,0.000000000000000
22.7800,0.000000000000000
22.7900,0.000000000000000
22.8000,0.000000000000000
22.8100,0.000000000000000
22.8200,0.000000000000000
22.8300,0.000000000000000
22.8400,0.000000000000000
22.8500,0.000000000000000
22.8600,0.000000000000000
22.8700,0.000000000000000
22.8800,0.000000000000000
22.8900,0.000000000000000
22.9000,0.000000000000000
22.9100,0.000000000000000
22.9200,0.000000000000000
22.9300,0.000000000000000
22.9400,0.000000000000000
22.9500,0.000000000000000
22.9600,0.000000000000000
22.9700,0.000000000000000
22.9800,0.000000000000000
22.9900,0.000000000000000
23.0000,0.000000000000000
23.0100,0.000000000000000
23.0200,0.000000000000000
23.0300,0.000000000000000
23.0400,0.000000000000000
23.0500,0.000000000000000
23.0600,0.000000000000000
23.0700,0.000000000000000
23.0800,0.000000000000000
23.0900,0.000000000000000
23.1000,0.000000000000000
23.1100,0.000000000000000
23.1200,0.000000000000000
23.1300,0.000000000000000
23.1400,0.000000000000000
23.1500,0.000000000000000
23.1600,0.000000000000000
23.1700,0.000000000000000
23.1800,0.000000000000000
23.1900,0.000000000000000
23.2000,0.000000000000000
23.2100,0.000000000000000
23.2200,0.000000000000000
23.2300,0.000000000000000
23.2400,0.000000000000000
23.2500,0.000000000000000
23.2600,0.000000000000000
23.2700,0.000000000000000
23.2800,0.000000000000000
23.2900,0.000000000000000
23.3000,0.000000000000000
23.3100,0.000000000000000
23.3200,0.000000000000000
23.3300,0.000000000000000
23.3400,0.000000000000000
23.3500,0.000000000000000
23.3600,0.000000000000000
23.3700,0.000000000000000
23.3800,0.000000000000000
23.3900,0.000000000000000
23.4000,0.000000000000000
23.4100,0.000000000000000
23.4200,0.000000000000000
23.4300,0.000000000000000
23.4400,0.000000000000000
23.4500,0.000000000000000
23.4600,0.000000000000000
23.4700,0.000000000000000
23.4800,0.000000000000000
23.4900,0.000000000000000
23.5000,0.000000000000000
23.5100,0.000000000000000
23.5200,0.000000000000000
23.5300,0.000000000000000
23.5400,0.000000000000000
23.5500,0.000000000000000
23.5600,0.000000000000000
23.5700,0.000000000000000
23.5800,0.000000000000000
23.5900,0.000000000000000
23.6000,0.000000000000000
23.6100,0.000000000000000
23.6200,0.000000000000000
23.6300,0.000000000000000
23.6400,0.000000000000000
23.6500,0.000000000000000
23.6600,0.000000000000000
23.6700,0.000000000000000
23.6800,0.000000000000000
23.6900,0.000000000000000
23.7000,0.000000000000000
23.7100,0.000000000000000
23.7200,0.000000000000000
23.7300,0.000000000000000
23.7400,0.000000000000000
23.7500,0.000000000000000
23.7600,0.000000000000000
23.7700,0.000000000000000
23.7800,0.000000000000000
23.7900,0.000000000000000
23.8000,0.000000000000000
23.8100,0.000000000000000
23.8200,0.000000000000000
23.8300,0.000000000000000
23.8400,0.000000000000000
23.8500,0.000000000000000
23.8600,0.000000000000000
23.8700,0.000000000000000
23.8800,0.000000000000000
23.8900,0.000000000000000
23.9000,0.000000000000000
23.9100,0.000000000000000
23.9200,0.000000000000000
23.9300,0.000000000000000
23.9400,0.000000000000000
23.9500,0.000000000000000
23.9600,0.000000000000000
23.9700,0.000000000000000
23.9800,0.000000000000000
23.9900,0.000000000000000
24.0000,0.000000000000000
24.0100,0.000000000000000
24.0200,0.000000000000000
24.0300,0.000000000000000
24.0400,0.000000000000000
24.0500,0.000000000000000
24.0600,0.000000000000000
24.0700,0.000000000000000
24.0800,0.000000000000000
24.0900,0.000000000000000
24.1000,0.000000000000000
24.1100,0.000000000000000
24.1200,0.000000000000000
24.1300,0.000000000000000
24.1400,0.000000000000000
24.1500,0.000000000000000
24.1600,0.000000000000000
24.1700,0.000000000000000
24.1800,0.000000000000000
24.1900,0.000000000000000
24.2000,0.000000000000000
24.2100,0.000000000000000
24.2200,0.000000000000000
24.2300,0.000000000000000
24.2400,0.000000000000000
24.2500,0.000000000000000
24.2600,0.000000000000000
24.2700,0.000000000000000
24.2800,0.000000000000000
24.2900,0.000000000000000
24.3000,0.000000000000000
24.3100,0.000000000000000
24.3200,0.000000000000000
24.3300,0.000000000000000
24.3400,0.000000000000000
24.3500,0.000000000000000
24.3600,0.000000000000000
24.3700,0.000000000000000
24.3800,0.000000000000000
24.3900,0.000000000000000
24.4000,0.000000000000000
24.4100,0.000000000000000
24.4200,0.000000000000000
24.4300,0.000000000000000
24.4400,0.000000000000000
24.4500,0.000000000000000
24.4600,0.000000000000000
24.4700,0.000000000000000
24.4800,0.000000000000000
24.4900,0.000000000000000
24.5000,0.000000000000000
24.5100,0.000000000000000
24.5200,0.000000000000000
24.5300,0.000000000000000
24.5400,0.000000000000000
24.5500,0.000000000000000
24.5600,0.000000000000000
24.5700,0.000000000000000
24.5800,0.000000000000000
24.5900,0.000000000000000
24.6000,0.000000000000000
24.6100,0.000000000000000
24.6200,0.000000000000000
24.6300,0.000000000000000
24.6400,0.000000000000000
24.6500,0.000000000000000
24.6600,0.000000000000000
24.6700,0.000000000000000
24.6800,0.000000000000000
24.6900,0.000000000000000
24.7000,0.000000000000000
24.7100,0.000000000000000
24.7200,0.000000000000000
24.7300,0.000000000000000
24.7400,0.000000000000000
24.7500,0.000000000000000
24.7600,0.000000000000000
24.7700,0.000000000000000
24.7800,0.000000000000000
24.7900,0.000000000000000
24.8000,0.000000000000000
24.8100,0.000000000000000
24.8200,0.000000000000000
24.8300,0.000000000000000
24.8400,0.000000000000000
24.8500,0.000000000000000
24.8600,0.000000000000000
24.8700,0.000000000000000
24.8800,0.000000000000000
24.8900,0.000000000000000
24.9000,0.000000000000000
24.9100,0.000000000000000
24.9200,0.000000000000000
24.9300,0.000000000000000
24.9400,0.000000000000000
24.9500,0.000000000000000
24.9600,0.000000000000000
24.9700,0.000000000000000
24.9800,0.000000000000000
24.9900,0.000000000000000
